trace_id,system_type,step_name,step_category,timestamp,amount_usd,verification_required,manual_review_flag,exception_flag,manual_touch_count,automated_check_count,tamper_evidence,completeness,independent_verifiability,non_repudiation,auditability_rollup,final_outcome
txn_0000001,bank_manual,CASE_CREATED,init,2026-01-05T09:01:41,1447.39,False,False,False,0,0,1,1,1,1,4,pending
txn_0000002,bank_manual,CASE_CREATED,init,2026-01-05T09:04:10,1897.53,False,False,False,0,0,1,1,1,1,4,pending
txn_0000003,bank_manual,CASE_CREATED,init,2026-01-05T09:06:07,13079.94,False,False,False,0,0,1,1,1,1,4,pending
txn_0000004,bank_manual,CASE_CREATED,init,2026-01-05T09:12:26,823.86,False,False,False,0,0,1,1,1,1,4,pending
txn_0000005,bank_manual,CASE_CREATED,init,2026-01-05T09:13:08,2722.63,False,False,False,0,0,1,1,1,1,4,pending
txn_0000006,bank_manual,CASE_CREATED,init,2026-01-05T09:13:53,7047.3,False,False,False,0,0,1,1,1,1,4,pending
txn_0000007,bank_manual,CASE_CREATED,init,2026-01-05T09:14:07,2377.83,False,False,False,0,0,1,1,1,1,4,pending
txn_0000008,bank_manual,CASE_CREATED,init,2026-01-05T09:16:12,9252.65,False,False,False,0,0,1,1,1,1,4,pending
txn_0000009,bank_manual,CASE_CREATED,init,2026-01-05T09:16:26,871.83,False,False,False,0,0,1,1,1,1,4,pending
txn_0000010,bank_manual,CASE_CREATED,init,2026-01-05T09:16:50,6172.52,False,False,False,0,0,1,1,1,1,4,pending
txn_0000011,bank_manual,CASE_CREATED,init,2026-01-05T09:18:56,2079.8,False,False,False,0,0,1,1,1,1,4,pending
txn_0000012,bank_manual,CASE_CREATED,init,2026-01-05T09:19:19,2957.64,False,False,False,0,0,1,1,1,1,4,pending
txn_0000013,bank_manual,CASE_CREATED,init,2026-01-05T09:19:27,40706.02,False,False,False,0,0,1,1,1,1,4,pending
txn_0000014,bank_manual,CASE_CREATED,init,2026-01-05T09:19:45,4726.19,False,False,False,0,0,1,1,1,1,4,pending
txn_0000002,bank_manual,DOC_REVIEW,verification,2026-01-05T09:19:55,1897.53,True,False,False,1,0,1,2,1,2,6,pending
txn_0000015,bank_manual,CASE_CREATED,init,2026-01-05T09:20:44,5504.55,False,False,False,0,0,1,1,1,1,4,pending
txn_0000002,bank_manual,COMPLIANCE_SCREENING,verification,2026-01-05T09:20:55,1897.53,True,False,False,0,1,1,2,1,2,6,pending
txn_0000016,bank_manual,CASE_CREATED,init,2026-01-05T09:20:59,12154.73,False,False,False,0,0,1,1,1,1,4,pending
txn_0000017,bank_manual,CASE_CREATED,init,2026-01-05T09:21:05,944.67,False,False,False,0,0,1,1,1,1,4,pending
txn_0000018,bank_manual,CASE_CREATED,init,2026-01-05T09:21:29,7008.94,False,False,False,0,0,1,1,1,1,4,pending
txn_0000019,bank_manual,CASE_CREATED,init,2026-01-05T09:21:41,898.39,False,False,False,0,0,1,1,1,1,4,pending
txn_0000020,bank_manual,CASE_CREATED,init,2026-01-05T09:22:08,811.87,False,False,False,0,0,1,1,1,1,4,pending
txn_0000021,bank_manual,CASE_CREATED,init,2026-01-05T09:22:12,658.08,False,False,False,0,0,1,1,1,1,4,pending
txn_0000022,bank_manual,CASE_CREATED,init,2026-01-05T09:23:30,13379.62,False,False,False,0,0,1,1,1,1,4,pending
txn_0000023,bank_manual,CASE_CREATED,init,2026-01-05T09:27:24,8477.58,False,False,False,0,0,1,1,1,1,4,pending
txn_0000024,bank_manual,CASE_CREATED,init,2026-01-05T09:28:07,315.58,False,False,False,0,0,1,1,1,1,4,pending
txn_0000025,bank_manual,CASE_CREATED,init,2026-01-05T09:28:45,229.27,False,False,False,0,0,1,1,1,1,4,pending
txn_0000003,bank_manual,DOC_REVIEW,verification,2026-01-05T09:29:22,13079.94,True,False,False,1,0,1,2,1,2,6,pending
txn_0000003,bank_manual,COMPLIANCE_SCREENING,verification,2026-01-05T09:29:43,13079.94,True,False,False,0,1,1,2,1,2,6,pending
txn_0000026,bank_manual,CASE_CREATED,init,2026-01-05T09:30:08,639.42,False,False,False,0,0,1,1,1,1,4,pending
txn_0000027,bank_manual,CASE_CREATED,init,2026-01-05T09:30:58,9999.19,False,False,False,0,0,1,1,1,1,4,pending
txn_0000028,bank_manual,CASE_CREATED,init,2026-01-05T09:32:39,2838.7,False,False,False,0,0,1,1,1,1,4,pending
txn_0000029,bank_manual,CASE_CREATED,init,2026-01-05T09:33:36,1781.8,False,False,False,0,0,1,1,1,1,4,pending
txn_0000030,bank_manual,CASE_CREATED,init,2026-01-05T09:34:01,4927.23,False,False,False,0,0,1,1,1,1,4,pending
txn_0000001,bank_manual,DOC_REVIEW,verification,2026-01-05T09:35:51,1447.39,True,False,False,1,0,1,2,1,2,6,pending
txn_0000031,bank_manual,CASE_CREATED,init,2026-01-05T09:36:16,19605.15,False,False,False,0,0,1,1,1,1,4,pending
txn_0000001,bank_manual,COMPLIANCE_SCREENING,verification,2026-01-05T09:38:40,1447.39,True,False,False,0,1,1,2,1,2,6,pending
txn_0000032,bank_manual,CASE_CREATED,init,2026-01-05T09:40:45,2856.18,False,False,False,0,0,1,1,1,1,4,pending
txn_0000033,bank_manual,CASE_CREATED,init,2026-01-05T09:42:55,48582.7,False,False,False,0,0,1,1,1,1,4,pending
txn_0000034,bank_manual,CASE_CREATED,init,2026-01-05T09:43:00,476.77,False,False,False,0,0,1,1,1,1,4,pending
txn_0000035,bank_manual,CASE_CREATED,init,2026-01-05T09:47:17,5613.49,False,False,False,0,0,1,1,1,1,4,pending
txn_0000036,bank_manual,CASE_CREATED,init,2026-01-05T09:47:53,1086.8,False,False,False,0,0,1,1,1,1,4,pending
txn_0000037,bank_manual,CASE_CREATED,init,2026-01-05T09:48:11,632.69,False,False,False,0,0,1,1,1,1,4,pending
txn_0000006,bank_manual,DOC_REVIEW,verification,2026-01-05T09:51:39,7047.3,True,False,False,1,0,1,2,1,2,6,pending
txn_0000006,bank_manual,COMPLIANCE_SCREENING,verification,2026-01-05T09:54:48,7047.3,True,False,False,0,1,1,2,1,2,6,pending
txn_0000004,bank_manual,DOC_REVIEW,verification,2026-01-05T09:57:00,823.86,True,False,False,1,0,1,2,1,2,6,pending
txn_0000005,bank_manual,DOC_REVIEW,verification,2026-01-05T09:57:01,2722.63,True,False,False,1,0,1,2,1,2,6,pending
txn_0000004,bank_manual,COMPLIANCE_SCREENING,verification,2026-01-05T09:57:02,823.86,True,False,False,0,1,1,2,1,2,6,pending
txn_0000005,bank_manual,COMPLIANCE_SCREENING,verification,2026-01-05T10:01:48,2722.63,True,False,False,0,1,1,2,1,2,6,pending
txn_0000038,bank_manual,CASE_CREATED,init,2026-01-05T10:02:07,1999.76,False,False,False,0,0,1,1,1,1,4,pending
txn_0000039,bank_manual,CASE_CREATED,init,2026-01-05T10:06:32,295.93,False,False,False,0,0,1,1,1,1,4,pending
txn_0000040,bank_manual,CASE_CREATED,init,2026-01-05T10:08:13,20172.14,False,False,False,0,0,1,1,1,1,4,pending
txn_0000041,bank_manual,CASE_CREATED,init,2026-01-05T10:09:03,2846.36,False,False,False,0,0,1,1,1,1,4,pending
txn_0000042,bank_manual,CASE_CREATED,init,2026-01-05T10:10:09,4999.27,False,False,False,0,0,1,1,1,1,4,pending
txn_0000043,bank_manual,CASE_CREATED,init,2026-01-05T10:10:34,7796.83,False,False,False,0,0,1,1,1,1,4,pending
txn_0000044,bank_manual,CASE_CREATED,init,2026-01-05T10:11:47,27607.37,False,False,False,0,0,1,1,1,1,4,pending
txn_0000045,bank_manual,CASE_CREATED,init,2026-01-05T10:12:12,932.14,False,False,False,0,0,1,1,1,1,4,pending
txn_0000046,bank_manual,CASE_CREATED,init,2026-01-05T10:12:23,403.28,False,False,False,0,0,1,1,1,1,4,pending
txn_0000047,bank_manual,CASE_CREATED,init,2026-01-05T10:12:40,6099.56,False,False,False,0,0,1,1,1,1,4,pending
txn_0000007,bank_manual,DOC_REVIEW,verification,2026-01-05T10:13:16,2377.83,True,False,False,1,0,1,2,1,2,6,pending
txn_0000048,bank_manual,CASE_CREATED,init,2026-01-05T10:13:38,13034.52,False,False,False,0,0,1,1,1,1,4,pending
txn_0000007,bank_manual,COMPLIANCE_SCREENING,verification,2026-01-05T10:13:40,2377.83,True,False,False,0,1,1,2,1,2,6,pending
txn_0000049,bank_manual,CASE_CREATED,init,2026-01-05T10:15:01,853.03,False,False,False,0,0,1,1,1,1,4,pending
txn_0000050,bank_manual,CASE_CREATED,init,2026-01-05T10:16:38,9395.76,False,False,False,0,0,1,1,1,1,4,pending
txn_0000051,bank_manual,CASE_CREATED,init,2026-01-05T10:20:29,5042.46,False,False,False,0,0,1,1,1,1,4,pending
txn_0000009,bank_manual,DOC_REVIEW,verification,2026-01-05T10:22:13,871.83,True,False,False,1,0,1,2,1,2,6,pending
txn_0000052,bank_manual,CASE_CREATED,init,2026-01-05T10:24:17,1005.79,False,False,False,0,0,1,1,1,1,4,pending
txn_0000053,bank_manual,CASE_CREATED,init,2026-01-05T10:24:25,7637.88,False,False,False,0,0,1,1,1,1,4,pending
txn_0000054,bank_manual,CASE_CREATED,init,2026-01-05T10:25:55,2149.56,False,False,False,0,0,1,1,1,1,4,pending
txn_0000055,bank_manual,CASE_CREATED,init,2026-01-05T10:26:49,1141.03,False,False,False,0,0,1,1,1,1,4,pending
txn_0000009,bank_manual,COMPLIANCE_SCREENING,verification,2026-01-05T10:27:27,871.83,True,False,False,0,1,1,2,1,2,6,pending
txn_0000056,bank_manual,CASE_CREATED,init,2026-01-05T10:28:17,992.57,False,False,False,0,0,1,1,1,1,4,pending
txn_0000057,bank_manual,CASE_CREATED,init,2026-01-05T10:28:18,1393.4,False,False,False,0,0,1,1,1,1,4,pending
txn_0000058,bank_manual,CASE_CREATED,init,2026-01-05T10:34:11,4852.33,False,False,False,0,0,1,1,1,1,4,pending
txn_0000059,bank_manual,CASE_CREATED,init,2026-01-05T10:34:38,217.65,False,False,False,0,0,1,1,1,1,4,pending
txn_0000008,bank_manual,DOC_REVIEW,verification,2026-01-05T10:36:11,9252.65,True,False,False,1,0,1,2,1,2,6,pending
txn_0000060,bank_manual,CASE_CREATED,init,2026-01-05T10:37:41,5544.5,False,False,False,0,0,1,1,1,1,4,pending
txn_0000061,bank_manual,CASE_CREATED,init,2026-01-05T10:38:42,14006.55,False,False,False,0,0,1,1,1,1,4,pending
txn_0000062,bank_manual,CASE_CREATED,init,2026-01-05T10:38:48,1528.37,False,False,False,0,0,1,1,1,1,4,pending
txn_0000063,bank_manual,CASE_CREATED,init,2026-01-05T10:38:51,10424.19,False,False,False,0,0,1,1,1,1,4,pending
txn_0000064,bank_manual,CASE_CREATED,init,2026-01-05T10:38:53,1766.43,False,False,False,0,0,1,1,1,1,4,pending
txn_0000008,bank_manual,COMPLIANCE_SCREENING,verification,2026-01-05T10:39:23,9252.65,True,False,False,0,1,1,2,1,2,6,pending
txn_0000065,bank_manual,CASE_CREATED,init,2026-01-05T10:39:54,15744.3,False,False,False,0,0,1,1,1,1,4,pending
txn_0000066,bank_manual,CASE_CREATED,init,2026-01-05T10:42:46,2224.59,False,False,False,0,0,1,1,1,1,4,pending
txn_0000067,bank_manual,CASE_CREATED,init,2026-01-05T10:45:00,39806.79,False,False,False,0,0,1,1,1,1,4,pending
txn_0000068,bank_manual,CASE_CREATED,init,2026-01-05T10:45:33,324.9,False,False,False,0,0,1,1,1,1,4,pending
txn_0000069,bank_manual,CASE_CREATED,init,2026-01-05T10:48:12,16656.35,False,False,False,0,0,1,1,1,1,4,pending
txn_0000070,bank_manual,CASE_CREATED,init,2026-01-05T10:53:19,6946.45,False,False,False,0,0,1,1,1,1,4,pending
txn_0000011,bank_manual,DOC_REVIEW,verification,2026-01-05T10:53:19,2079.8,True,False,False,1,0,1,2,1,2,6,pending
txn_0000010,bank_manual,DOC_REVIEW,verification,2026-01-05T10:53:42,6172.52,True,False,False,1,0,1,2,1,2,6,pending
txn_0000010,bank_manual,COMPLIANCE_SCREENING,verification,2026-01-05T10:53:53,6172.52,True,False,False,0,1,1,2,1,2,6,pending
txn_0000071,bank_manual,CASE_CREATED,init,2026-01-05T10:54:16,3789.63,False,False,False,0,0,1,1,1,1,4,pending
txn_0000072,bank_manual,CASE_CREATED,init,2026-01-05T10:55:10,847.15,False,False,False,0,0,1,1,1,1,4,pending
txn_0000073,bank_manual,CASE_CREATED,init,2026-01-05T10:55:32,7898.0,False,False,False,0,0,1,1,1,1,4,pending
txn_0000074,bank_manual,CASE_CREATED,init,2026-01-05T10:55:36,1940.41,False,False,False,0,0,1,1,1,1,4,pending
txn_0000075,bank_manual,CASE_CREATED,init,2026-01-05T10:56:05,28961.66,False,False,False,0,0,1,1,1,1,4,pending
txn_0000011,bank_manual,COMPLIANCE_SCREENING,verification,2026-01-05T10:56:45,2079.8,True,False,False,0,1,1,2,1,2,6,pending
txn_0000003,bank_manual,MANUAL_REVIEW,verification,2026-01-05T11:09:05,13079.94,True,True,False,1,0,1,2,2,2,7,pending
txn_0000014,bank_manual,DOC_REVIEW,verification,2026-01-05T11:15:32,4726.19,True,False,False,1,0,1,2,1,2,6,pending
txn_0000012,bank_manual,DOC_REVIEW,verification,2026-01-05T11:16:04,2957.64,True,False,False,1,0,1,2,1,2,6,pending
txn_0000012,bank_manual,COMPLIANCE_SCREENING,verification,2026-01-05T11:17:55,2957.64,True,False,False,0,1,1,2,1,2,6,pending
txn_0000014,bank_manual,COMPLIANCE_SCREENING,verification,2026-01-05T11:19:34,4726.19,True,False,False,0,1,1,2,1,2,6,pending
txn_0000003,bank_manual,DUAL_APPROVAL,approval,2026-01-05T11:27:25,13079.94,True,False,False,1,0,1,2,1,2,6,pending
txn_0000013,bank_manual,DOC_REVIEW,verification,2026-01-05T11:29:27,40706.02,True,False,False,1,0,1,2,1,2,6,pending
txn_0000013,bank_manual,COMPLIANCE_SCREENING,verification,2026-01-05T11:34:40,40706.02,True,False,False,0,1,1,2,1,2,6,pending
txn_0000016,bank_manual,DOC_REVIEW,verification,2026-01-05T11:37:21,12154.73,True,False,False,1,0,1,2,1,2,6,pending
txn_0000016,bank_manual,COMPLIANCE_SCREENING,verification,2026-01-05T11:41:26,12154.73,True,False,False,0,1,1,2,1,2,6,pending
txn_0000015,bank_manual,DOC_REVIEW,verification,2026-01-05T11:41:28,5504.55,True,False,False,1,0,1,2,1,2,6,pending
txn_0000015,bank_manual,COMPLIANCE_SCREENING,verification,2026-01-05T11:47:27,5504.55,True,False,False,0,1,1,2,1,2,6,pending
txn_0000017,bank_manual,DOC_REVIEW,verification,2026-01-05T11:49:21,944.67,True,False,False,1,0,1,2,1,2,6,pending
txn_0000017,bank_manual,COMPLIANCE_SCREENING,verification,2026-01-05T11:50:36,944.67,True,False,False,0,1,1,2,1,2,6,pending
txn_0000019,bank_manual,DOC_REVIEW,verification,2026-01-05T12:03:21,898.39,True,False,False,1,0,1,2,1,2,6,pending
txn_0000019,bank_manual,COMPLIANCE_SCREENING,verification,2026-01-05T12:04:51,898.39,True,False,False,0,1,1,2,1,2,6,pending
txn_0000019,bank_manual,EXCEPTION_HOLD,exception,2026-01-05T12:04:51,898.39,True,True,True,1,0,1,3,2,2,8,unresolved
txn_0000018,bank_manual,DOC_REVIEW,verification,2026-01-05T12:09:03,7008.94,True,False,False,1,0,1,2,1,2,6,pending
txn_0000020,bank_manual,DOC_REVIEW,verification,2026-01-05T12:10:41,811.87,True,False,False,1,0,1,2,1,2,6,pending
txn_0000020,bank_manual,COMPLIANCE_SCREENING,verification,2026-01-05T12:11:55,811.87,True,False,False,0,1,1,2,1,2,6,pending
txn_0000013,bank_manual,DUAL_APPROVAL,approval,2026-01-05T12:14:22,40706.02,True,False,False,1,0,1,2,1,2,6,pending
txn_0000016,bank_manual,DUAL_APPROVAL,approval,2026-01-05T12:16:43,12154.73,True,False,False,1,0,1,2,1,2,6,pending
txn_0000018,bank_manual,COMPLIANCE_SCREENING,verification,2026-01-05T12:18:54,7008.94,True,False,False,0,1,1,2,1,2,6,pending
txn_0000023,bank_manual,DOC_REVIEW,verification,2026-01-05T12:33:05,8477.58,True,False,False,1,0,1,2,1,2,6,pending
txn_0000022,bank_manual,DOC_REVIEW,verification,2026-01-05T12:37:49,13379.62,True,False,False,1,0,1,2,1,2,6,pending
txn_0000022,bank_manual,DISPUTE_RAISED,exception,2026-01-05T12:37:49,13379.62,True,True,True,1,0,1,3,2,2,8,disputed
txn_0000021,bank_manual,DOC_REVIEW,verification,2026-01-05T12:38:01,658.08,True,False,False,1,0,1,2,1,2,6,pending
txn_0000021,bank_manual,COMPLIANCE_SCREENING,verification,2026-01-05T12:38:12,658.08,True,False,False,0,1,1,2,1,2,6,pending
txn_0000025,bank_manual,DOC_REVIEW,verification,2026-01-05T12:55:33,229.27,True,False,False,1,0,1,2,1,2,6,pending
txn_0000026,bank_manual,DOC_REVIEW,verification,2026-01-05T12:56:18,639.42,True,False,False,1,0,1,2,1,2,6,pending
txn_0000023,bank_manual,COMPLIANCE_SCREENING,verification,2026-01-05T12:57:06,8477.58,True,False,False,0,1,1,2,1,2,6,pending
txn_0000025,bank_manual,COMPLIANCE_SCREENING,verification,2026-01-05T12:57:44,229.27,True,False,False,0,1,1,2,1,2,6,pending
txn_0000026,bank_manual,COMPLIANCE_SCREENING,verification,2026-01-05T12:58:13,639.42,True,False,False,0,1,1,2,1,2,6,pending
txn_0000026,bank_manual,EXCEPTION_HOLD,exception,2026-01-05T12:58:13,639.42,True,True,True,1,0,1,3,2,2,8,unresolved
txn_0000024,bank_manual,DOC_REVIEW,verification,2026-01-05T13:03:22,315.58,True,False,False,1,0,1,2,1,2,6,pending
txn_0000024,bank_manual,COMPLIANCE_SCREENING,verification,2026-01-05T13:07:57,315.58,True,False,False,0,1,1,2,1,2,6,pending
txn_0000027,bank_manual,DOC_REVIEW,verification,2026-01-05T13:12:27,9999.19,True,False,False,1,0,1,2,1,2,6,pending
txn_0000027,bank_manual,COMPLIANCE_SCREENING,verification,2026-01-05T13:12:55,9999.19,True,False,False,0,1,1,2,1,2,6,pending
txn_0000005,bank_manual,CONDITION_VERIFIED:MILESTONE_REACHED,attestation,2026-01-05T13:29:43,2722.63,True,False,False,1,0,1,2,1,2,6,pending
txn_0000029,bank_manual,DOC_REVIEW,verification,2026-01-05T13:34:28,1781.8,True,False,False,1,0,1,2,1,2,6,pending
txn_0000029,bank_manual,COMPLIANCE_SCREENING,verification,2026-01-05T13:35:42,1781.8,True,False,False,0,1,1,2,1,2,6,pending
txn_0000030,bank_manual,DOC_REVIEW,verification,2026-01-05T13:40:30,4927.23,True,False,False,1,0,1,2,1,2,6,pending
txn_0000028,bank_manual,DOC_REVIEW,verification,2026-01-05T13:41:11,2838.7,True,False,False,1,0,1,2,1,2,6,pending
txn_0000015,bank_manual,MANUAL_REVIEW,verification,2026-01-05T13:44:14,5504.55,True,True,False,1,0,1,2,2,2,7,pending
txn_0000028,bank_manual,COMPLIANCE_SCREENING,verification,2026-01-05T13:45:15,2838.7,True,False,False,0,1,1,2,1,2,6,pending
txn_0000030,bank_manual,COMPLIANCE_SCREENING,verification,2026-01-05T13:48:40,4927.23,True,False,False,0,1,1,2,1,2,6,pending
txn_0000032,bank_manual,DOC_REVIEW,verification,2026-01-05T14:04:27,2856.18,True,False,False,1,0,1,2,1,2,6,pending
txn_0000032,bank_manual,COMPLIANCE_SCREENING,verification,2026-01-05T14:04:27,2856.18,True,False,False,0,1,1,2,1,2,6,pending
txn_0000031,bank_manual,DOC_REVIEW,verification,2026-01-05T14:04:29,19605.15,True,False,False,1,0,1,2,1,2,6,pending
txn_0000031,bank_manual,COMPLIANCE_SCREENING,verification,2026-01-05T14:12:56,19605.15,True,False,False,0,1,1,2,1,2,6,pending
txn_0000033,bank_manual,DOC_REVIEW,verification,2026-01-05T14:14:27,48582.7,True,False,False,1,0,1,2,1,2,6,pending
txn_0000033,bank_manual,COMPLIANCE_SCREENING,verification,2026-01-05T14:22:52,48582.7,True,False,False,0,1,1,2,1,2,6,pending
txn_0000031,bank_manual,DUAL_APPROVAL,approval,2026-01-05T14:24:40,19605.15,True,False,False,1,0,1,2,1,2,6,pending
txn_0000034,bank_manual,DOC_REVIEW,verification,2026-01-05T14:29:10,476.77,True,False,False,1,0,1,2,1,2,6,pending
txn_0000011,bank_manual,CONDITION_VERIFIED:DELIVERY_CONFIRMED,attestation,2026-01-05T14:31:36,2079.8,True,False,False,1,0,1,2,1,2,6,pending
txn_0000034,bank_manual,COMPLIANCE_SCREENING,verification,2026-01-05T14:34:53,476.77,True,False,False,0,1,1,2,1,2,6,pending
txn_0000035,bank_manual,DOC_REVIEW,verification,2026-01-05T14:44:26,5613.49,True,False,False,1,0,1,2,1,2,6,pending
txn_0000035,bank_manual,COMPLIANCE_SCREENING,verification,2026-01-05T14:45:40,5613.49,True,False,False,0,1,1,2,1,2,6,pending
txn_0000036,bank_manual,DOC_REVIEW,verification,2026-01-05T14:57:52,1086.8,True,False,False,1,0,1,2,1,2,6,pending
txn_0000036,bank_manual,COMPLIANCE_SCREENING,verification,2026-01-05T15:00:58,1086.8,True,False,False,0,1,1,2,1,2,6,pending
txn_0000037,bank_manual,DOC_REVIEW,verification,2026-01-05T15:07:09,632.69,True,False,False,1,0,1,2,1,2,6,pending
txn_0000025,bank_manual,CONDITION_VERIFIED:INVOICE_APPROVED,attestation,2026-01-05T15:17:23,229.27,True,False,False,1,0,1,2,1,2,6,pending
txn_0000038,bank_manual,DOC_REVIEW,verification,2026-01-05T15:25:37,1999.76,True,False,False,1,0,1,2,1,2,6,pending
txn_0000037,bank_manual,COMPLIANCE_SCREENING,verification,2026-01-05T15:28:28,632.69,True,False,False,0,1,1,2,1,2,6,pending
txn_0000038,bank_manual,COMPLIANCE_SCREENING,verification,2026-01-05T15:28:32,1999.76,True,False,False,0,1,1,2,1,2,6,pending
txn_0000039,bank_manual,DOC_REVIEW,verification,2026-01-05T15:34:45,295.93,True,False,False,1,0,1,2,1,2,6,pending
txn_0000039,bank_manual,COMPLIANCE_SCREENING,verification,2026-01-05T15:35:45,295.93,True,False,False,0,1,1,2,1,2,6,pending
txn_0000040,bank_manual,DOC_REVIEW,verification,2026-01-05T15:41:39,20172.14,True,False,False,1,0,1,2,1,2,6,pending
txn_0000041,bank_manual,DOC_REVIEW,verification,2026-01-05T15:44:15,2846.36,True,False,False,1,0,1,2,1,2,6,pending
txn_0000041,bank_manual,COMPLIANCE_SCREENING,verification,2026-01-05T15:44:32,2846.36,True,False,False,0,1,1,2,1,2,6,pending
txn_0000040,bank_manual,COMPLIANCE_SCREENING,verification,2026-01-05T15:51:05,20172.14,True,False,False,0,1,1,2,1,2,6,pending
txn_0000042,bank_manual,DOC_REVIEW,verification,2026-01-05T15:51:53,4999.27,True,False,False,1,0,1,2,1,2,6,pending
txn_0000042,bank_manual,COMPLIANCE_SCREENING,verification,2026-01-05T15:55:16,4999.27,True,False,False,0,1,1,2,1,2,6,pending
txn_0000003,bank_manual,CONDITION_VERIFIED:INVOICE_APPROVED,attestation,2026-01-05T16:01:10,13079.94,True,False,False,1,0,1,2,1,2,6,pending
txn_0000044,bank_manual,DOC_REVIEW,verification,2026-01-05T16:06:23,27607.37,True,False,False,1,0,1,2,1,2,6,pending
txn_0000044,bank_manual,COMPLIANCE_SCREENING,verification,2026-01-05T16:06:48,27607.37,True,False,False,0,1,1,2,1,2,6,pending
txn_0000045,bank_manual,DOC_REVIEW,verification,2026-01-05T16:21:04,932.14,True,False,False,1,0,1,2,1,2,6,pending
txn_0000043,bank_manual,DOC_REVIEW,verification,2026-01-05T16:22:26,7796.83,True,False,False,1,0,1,2,1,2,6,pending
txn_0000045,bank_manual,COMPLIANCE_SCREENING,verification,2026-01-05T16:26:17,932.14,True,False,False,0,1,1,2,1,2,6,pending
txn_0000040,bank_manual,DUAL_APPROVAL,approval,2026-01-05T16:29:09,20172.14,True,False,False,1,0,1,2,1,2,6,pending
txn_0000044,bank_manual,DUAL_APPROVAL,approval,2026-01-05T16:30:48,27607.37,True,False,False,1,0,1,2,1,2,6,pending
txn_0000046,bank_manual,DOC_REVIEW,verification,2026-01-05T16:34:19,403.28,True,False,False,1,0,1,2,1,2,6,pending
txn_0000046,bank_manual,COMPLIANCE_SCREENING,verification,2026-01-05T16:35:10,403.28,True,False,False,0,1,1,2,1,2,6,pending
txn_0000043,bank_manual,COMPLIANCE_SCREENING,verification,2026-01-05T16:39:01,7796.83,True,False,False,0,1,1,2,1,2,6,pending
txn_0000048,bank_manual,DOC_REVIEW,verification,2026-01-05T16:40:23,13034.52,True,False,False,1,0,1,2,1,2,6,pending
txn_0000048,bank_manual,COMPLIANCE_SCREENING,verification,2026-01-05T16:42:44,13034.52,True,False,False,0,1,1,2,1,2,6,pending
txn_0000033,bank_manual,MANUAL_REVIEW,verification,2026-01-05T16:50:21,48582.7,True,True,False,1,0,1,2,2,2,7,pending
txn_0000048,bank_manual,DUAL_APPROVAL,approval,2026-01-05T16:54:15,13034.52,True,False,False,1,0,1,2,1,2,6,pending
txn_0000047,bank_manual,DOC_REVIEW,verification,2026-01-05T16:56:16,6099.56,True,False,False,1,0,1,2,1,2,6,pending
txn_0000049,bank_manual,DOC_REVIEW,verification,2026-01-06T09:02:46,853.03,True,False,False,1,0,1,2,1,2,6,pending
txn_0000047,bank_manual,COMPLIANCE_SCREENING,verification,2026-01-06T09:10:10,6099.56,True,False,False,0,1,1,2,1,2,6,pending
txn_0000047,bank_manual,EXCEPTION_HOLD,exception,2026-01-06T09:10:10,6099.56,True,True,True,1,0,1,3,2,2,8,unresolved
txn_0000049,bank_manual,COMPLIANCE_SCREENING,verification,2026-01-06T09:10:20,853.03,True,False,False,0,1,1,2,1,2,6,pending
txn_0000050,bank_manual,DOC_REVIEW,verification,2026-01-06T09:21:14,9395.76,True,False,False,1,0,1,2,1,2,6,pending
txn_0000050,bank_manual,COMPLIANCE_SCREENING,verification,2026-01-06T09:21:28,9395.76,True,False,False,0,1,1,2,1,2,6,pending
txn_0000052,bank_manual,DOC_REVIEW,verification,2026-01-06T09:22:46,1005.79,True,False,False,1,0,1,2,1,2,6,pending
txn_0000052,bank_manual,COMPLIANCE_SCREENING,verification,2026-01-06T09:28:54,1005.79,True,False,False,0,1,1,2,1,2,6,pending
txn_0000033,bank_manual,DUAL_APPROVAL,approval,2026-01-06T09:30:19,48582.7,True,False,False,1,0,1,2,1,2,6,pending
txn_0000031,bank_manual,CONDITION_VERIFIED:DELIVERY_CONFIRMED,attestation,2026-01-06T09:32:48,19605.15,True,False,False,1,0,1,2,1,2,6,pending
txn_0000018,bank_manual,CONDITION_VERIFIED:DELIVERY_CONFIRMED,attestation,2026-01-06T09:33:07,7008.94,True,False,False,1,0,1,2,1,2,6,pending
txn_0000051,bank_manual,DOC_REVIEW,verification,2026-01-06T09:39:04,5042.46,True,False,False,1,0,1,2,1,2,6,pending
txn_0000051,bank_manual,COMPLIANCE_SCREENING,verification,2026-01-06T09:39:44,5042.46,True,False,False,0,1,1,2,1,2,6,pending
txn_0000053,bank_manual,DOC_REVIEW,verification,2026-01-06T09:47:36,7637.88,True,False,False,1,0,1,2,1,2,6,pending
txn_0000053,bank_manual,DISPUTE_RAISED,exception,2026-01-06T09:47:36,7637.88,True,True,True,1,0,1,3,2,2,8,disputed
txn_0000054,bank_manual,DOC_REVIEW,verification,2026-01-06T09:51:25,2149.56,True,False,False,1,0,1,2,1,2,6,pending
txn_0000032,bank_manual,MANUAL_REVIEW,verification,2026-01-06T09:51:41,2856.18,True,True,False,1,0,1,2,2,2,7,pending
txn_0000009,bank_manual,CONDITION_VERIFIED:DELIVERY_CONFIRMED,attestation,2026-01-06T09:55:26,871.83,True,False,False,1,0,1,2,1,2,6,pending
txn_0000054,bank_manual,COMPLIANCE_SCREENING,verification,2026-01-06T09:56:56,2149.56,True,False,False,0,1,1,2,1,2,6,pending
txn_0000020,bank_manual,CONDITION_VERIFIED:SERVICE_COMPLETED,attestation,2026-01-06T10:02:37,811.87,True,False,False,1,0,1,2,1,2,6,pending
txn_0000015,bank_manual,CONDITION_VERIFIED:DELIVERY_CONFIRMED,attestation,2026-01-06T10:02:37,5504.55,True,False,False,1,0,1,2,1,2,6,pending
txn_0000055,bank_manual,DOC_REVIEW,verification,2026-01-06T10:02:58,1141.03,True,False,False,1,0,1,2,1,2,6,pending
txn_0000055,bank_manual,COMPLIANCE_SCREENING,verification,2026-01-06T10:03:47,1141.03,True,False,False,0,1,1,2,1,2,6,pending
txn_0000057,bank_manual,DOC_REVIEW,verification,2026-01-06T10:08:08,1393.4,True,False,False,1,0,1,2,1,2,6,pending
txn_0000057,bank_manual,COMPLIANCE_SCREENING,verification,2026-01-06T10:08:38,1393.4,True,False,False,0,1,1,2,1,2,6,pending
txn_0000056,bank_manual,DOC_REVIEW,verification,2026-01-06T10:18:52,992.57,True,False,False,1,0,1,2,1,2,6,pending
txn_0000056,bank_manual,COMPLIANCE_SCREENING,verification,2026-01-06T10:22:44,992.57,True,False,False,0,1,1,2,1,2,6,pending
txn_0000011,bank_manual,CONDITION_VERIFIED:INSPECTION_PASSED,attestation,2026-01-06T10:29:27,2079.8,True,False,False,1,0,1,2,1,2,6,pending
txn_0000058,bank_manual,DOC_REVIEW,verification,2026-01-06T10:35:49,4852.33,True,False,False,1,0,1,2,1,2,6,pending
txn_0000060,bank_manual,DOC_REVIEW,verification,2026-01-06T10:46:26,5544.5,True,False,False,1,0,1,2,1,2,6,pending
txn_0000058,bank_manual,COMPLIANCE_SCREENING,verification,2026-01-06T10:46:44,4852.33,True,False,False,0,1,1,2,1,2,6,pending
txn_0000059,bank_manual,DOC_REVIEW,verification,2026-01-06T10:49:50,217.65,True,False,False,1,0,1,2,1,2,6,pending
txn_0000059,bank_manual,COMPLIANCE_SCREENING,verification,2026-01-06T10:51:16,217.65,True,False,False,0,1,1,2,1,2,6,pending
txn_0000060,bank_manual,COMPLIANCE_SCREENING,verification,2026-01-06T10:51:29,5544.5,True,False,False,0,1,1,2,1,2,6,pending
txn_0000061,bank_manual,DOC_REVIEW,verification,2026-01-06T10:56:56,14006.55,True,False,False,1,0,1,2,1,2,6,pending
txn_0000062,bank_manual,DOC_REVIEW,verification,2026-01-06T11:08:36,1528.37,True,False,False,1,0,1,2,1,2,6,pending
txn_0000062,bank_manual,COMPLIANCE_SCREENING,verification,2026-01-06T11:09:33,1528.37,True,False,False,0,1,1,2,1,2,6,pending
txn_0000064,bank_manual,DOC_REVIEW,verification,2026-01-06T11:14:08,1766.43,True,False,False,1,0,1,2,1,2,6,pending
txn_0000063,bank_manual,DOC_REVIEW,verification,2026-01-06T11:14:19,10424.19,True,False,False,1,0,1,2,1,2,6,pending
txn_0000063,bank_manual,COMPLIANCE_SCREENING,verification,2026-01-06T11:15:01,10424.19,True,False,False,0,1,1,2,1,2,6,pending
txn_0000061,bank_manual,COMPLIANCE_SCREENING,verification,2026-01-06T11:19:07,14006.55,True,False,False,0,1,1,2,1,2,6,pending
txn_0000064,bank_manual,COMPLIANCE_SCREENING,verification,2026-01-06T11:22:36,1766.43,True,False,False,0,1,1,2,1,2,6,pending
txn_0000065,bank_manual,DOC_REVIEW,verification,2026-01-06T11:31:33,15744.3,True,False,False,1,0,1,2,1,2,6,pending
txn_0000065,bank_manual,COMPLIANCE_SCREENING,verification,2026-01-06T11:32:59,15744.3,True,False,False,0,1,1,2,1,2,6,pending
txn_0000066,bank_manual,DOC_REVIEW,verification,2026-01-06T11:40:13,2224.59,True,False,False,1,0,1,2,1,2,6,pending
txn_0000066,bank_manual,COMPLIANCE_SCREENING,verification,2026-01-06T11:40:48,2224.59,True,False,False,0,1,1,2,1,2,6,pending
txn_0000063,bank_manual,DUAL_APPROVAL,approval,2026-01-06T11:43:22,10424.19,True,False,False,1,0,1,2,1,2,6,pending
txn_0000061,bank_manual,DUAL_APPROVAL,approval,2026-01-06T11:48:45,14006.55,True,False,False,1,0,1,2,1,2,6,pending
txn_0000067,bank_manual,DOC_REVIEW,verification,2026-01-06T11:54:20,39806.79,True,False,False,1,0,1,2,1,2,6,pending
txn_0000067,bank_manual,COMPLIANCE_SCREENING,verification,2026-01-06T11:55:15,39806.79,True,False,False,0,1,1,2,1,2,6,pending
txn_0000069,bank_manual,DOC_REVIEW,verification,2026-01-06T11:58:41,16656.35,True,False,False,1,0,1,2,1,2,6,pending
txn_0000068,bank_manual,DOC_REVIEW,verification,2026-01-06T12:06:27,324.9,True,False,False,1,0,1,2,1,2,6,pending
txn_0000068,bank_manual,COMPLIANCE_SCREENING,verification,2026-01-06T12:06:51,324.9,True,False,False,0,1,1,2,1,2,6,pending
txn_0000069,bank_manual,COMPLIANCE_SCREENING,verification,2026-01-06T12:08:07,16656.35,True,False,False,0,1,1,2,1,2,6,pending
txn_0000065,bank_manual,DUAL_APPROVAL,approval,2026-01-06T12:11:30,15744.3,True,False,False,1,0,1,2,1,2,6,pending
txn_0000067,bank_manual,DUAL_APPROVAL,approval,2026-01-06T12:19:54,39806.79,True,False,False,1,0,1,2,1,2,6,pending
txn_0000010,bank_manual,CONDITION_VERIFIED:SERVICE_COMPLETED,attestation,2026-01-06T12:24:57,6172.52,True,False,False,1,0,1,2,1,2,6,pending
txn_0000070,bank_manual,DOC_REVIEW,verification,2026-01-06T12:28:22,6946.45,True,False,False,1,0,1,2,1,2,6,pending
txn_0000069,bank_manual,DUAL_APPROVAL,approval,2026-01-06T12:29:22,16656.35,True,False,False,1,0,1,2,1,2,6,pending
txn_0000070,bank_manual,COMPLIANCE_SCREENING,verification,2026-01-06T12:30:36,6946.45,True,False,False,0,1,1,2,1,2,6,pending
txn_0000072,bank_manual,DOC_REVIEW,verification,2026-01-06T12:34:10,847.15,True,False,False,1,0,1,2,1,2,6,pending
txn_0000072,bank_manual,COMPLIANCE_SCREENING,verification,2026-01-06T12:37:19,847.15,True,False,False,0,1,1,2,1,2,6,pending
txn_0000071,bank_manual,DOC_REVIEW,verification,2026-01-06T12:39:04,3789.63,True,False,False,1,0,1,2,1,2,6,pending
txn_0000071,bank_manual,COMPLIANCE_SCREENING,verification,2026-01-06T12:39:37,3789.63,True,False,False,0,1,1,2,1,2,6,pending
txn_0000073,bank_manual,DOC_REVIEW,verification,2026-01-06T12:43:39,7898.0,True,False,False,1,0,1,2,1,2,6,pending
txn_0000003,bank_manual,CONDITION_VERIFIED:DELIVERY_CONFIRMED,attestation,2026-01-06T12:51:07,13079.94,True,False,False,1,0,1,2,1,2,6,pending
txn_0000073,bank_manual,COMPLIANCE_SCREENING,verification,2026-01-06T12:51:32,7898.0,True,False,False,0,1,1,2,1,2,6,pending
txn_0000041,bank_manual,CONDITION_VERIFIED:INVOICE_APPROVED,attestation,2026-01-06T12:54:30,2846.36,True,False,False,1,0,1,2,1,2,6,pending
txn_0000001,bank_manual,CONDITION_VERIFIED:DELIVERY_CONFIRMED,attestation,2026-01-06T12:54:35,1447.39,True,False,False,1,0,1,2,1,2,6,pending
txn_0000039,bank_manual,CONDITION_VERIFIED:INVOICE_APPROVED,attestation,2026-01-06T12:58:04,295.93,True,False,False,1,0,1,2,1,2,6,pending
txn_0000075,bank_manual,DOC_REVIEW,verification,2026-01-06T13:03:19,28961.66,True,False,False,1,0,1,2,1,2,6,pending
txn_0000075,bank_manual,COMPLIANCE_SCREENING,verification,2026-01-06T13:11:56,28961.66,True,False,False,0,1,1,2,1,2,6,pending
txn_0000074,bank_manual,DOC_REVIEW,verification,2026-01-06T13:14:12,1940.41,True,False,False,1,0,1,2,1,2,6,pending
txn_0000074,bank_manual,COMPLIANCE_SCREENING,verification,2026-01-06T13:14:52,1940.41,True,False,False,0,1,1,2,1,2,6,pending
txn_0000015,bank_manual,CONDITION_VERIFIED:INSPECTION_PASSED,attestation,2026-01-06T13:19:55,5504.55,True,False,False,1,0,1,2,1,2,6,pending
txn_0000036,bank_manual,CONDITION_VERIFIED:MILESTONE_REACHED,attestation,2026-01-06T13:32:48,1086.8,True,False,False,1,0,1,2,1,2,6,pending
txn_0000075,bank_manual,DUAL_APPROVAL,approval,2026-01-06T13:40:33,28961.66,True,False,False,1,0,1,2,1,2,6,pending
txn_0000044,bank_manual,CONDITION_VERIFIED:MILESTONE_REACHED,attestation,2026-01-06T14:09:40,27607.37,True,False,False,1,0,1,2,1,2,6,pending
txn_0000054,bank_manual,CONDITION_VERIFIED:INVOICE_APPROVED,attestation,2026-01-06T14:19:10,2149.56,True,False,False,1,0,1,2,1,2,6,pending
txn_0000068,bank_manual,CONDITION_VERIFIED:MILESTONE_REACHED,attestation,2026-01-06T14:19:49,324.9,True,False,False,1,0,1,2,1,2,6,pending
txn_0000066,bank_manual,MANUAL_REVIEW,verification,2026-01-06T14:20:23,2224.59,True,True,False,1,0,1,2,2,2,7,pending
txn_0000037,bank_manual,CONDITION_VERIFIED:DELIVERY_CONFIRMED,attestation,2026-01-06T14:22:27,632.69,True,False,False,1,0,1,2,1,2,6,pending
txn_0000013,bank_manual,CONDITION_VERIFIED:DELIVERY_CONFIRMED,attestation,2026-01-06T14:35:25,40706.02,True,False,False,1,0,1,2,1,2,6,pending
txn_0000046,bank_manual,CONDITION_VERIFIED:DELIVERY_CONFIRMED,attestation,2026-01-06T14:39:08,403.28,True,False,False,1,0,1,2,1,2,6,pending
txn_0000064,bank_manual,MANUAL_REVIEW,verification,2026-01-06T14:49:40,1766.43,True,True,False,1,0,1,2,2,2,7,pending
txn_0000050,bank_manual,CONDITION_VERIFIED:DELIVERY_CONFIRMED,attestation,2026-01-06T15:14:14,9395.76,True,False,False,1,0,1,2,1,2,6,pending
txn_0000030,bank_manual,CONDITION_VERIFIED:INVOICE_APPROVED,attestation,2026-01-06T15:24:10,4927.23,True,False,False,1,0,1,2,1,2,6,pending
txn_0000006,bank_manual,CONDITION_VERIFIED:INVOICE_APPROVED,attestation,2026-01-06T15:24:43,7047.3,True,False,False,1,0,1,2,1,2,6,pending
txn_0000028,bank_manual,CONDITION_VERIFIED:INVOICE_APPROVED,attestation,2026-01-06T15:28:20,2838.7,True,False,False,1,0,1,2,1,2,6,pending
txn_0000055,bank_manual,CONDITION_VERIFIED:DELIVERY_CONFIRMED,attestation,2026-01-06T15:31:21,1141.03,True,False,False,1,0,1,2,1,2,6,pending
txn_0000025,bank_manual,CONDITION_VERIFIED:DELIVERY_CONFIRMED,attestation,2026-01-06T15:35:23,229.27,True,False,False,1,0,1,2,1,2,6,pending
txn_0000007,bank_manual,CONDITION_VERIFIED:DELIVERY_CONFIRMED,attestation,2026-01-06T15:41:40,2377.83,True,False,False,1,0,1,2,1,2,6,pending
txn_0000069,bank_manual,CONDITION_VERIFIED:INVOICE_APPROVED,attestation,2026-01-06T15:42:34,16656.35,True,False,False,1,0,1,2,1,2,6,pending
txn_0000002,bank_manual,CONDITION_VERIFIED:MILESTONE_REACHED,attestation,2026-01-06T16:00:21,1897.53,True,False,False,1,0,1,2,1,2,6,pending
txn_0000034,bank_manual,CONDITION_VERIFIED:DELIVERY_CONFIRMED,attestation,2026-01-06T16:26:44,476.77,True,False,False,1,0,1,2,1,2,6,pending
txn_0000001,bank_manual,CONDITION_VERIFIED:INSPECTION_PASSED,attestation,2026-01-06T16:30:55,1447.39,True,False,False,1,0,1,2,1,2,6,pending
txn_0000054,bank_manual,CONDITION_VERIFIED:DELIVERY_CONFIRMED,attestation,2026-01-06T16:49:59,2149.56,True,False,False,1,0,1,2,1,2,6,pending
txn_0000072,bank_manual,CONDITION_VERIFIED:DELIVERY_CONFIRMED,attestation,2026-01-06T16:51:43,847.15,True,False,False,1,0,1,2,1,2,6,pending
txn_0000008,bank_manual,CONDITION_VERIFIED:MILESTONE_REACHED,attestation,2026-01-06T16:53:13,9252.65,True,False,False,1,0,1,2,1,2,6,pending
txn_0000049,bank_manual,CONDITION_VERIFIED:DELIVERY_CONFIRMED,attestation,2026-01-06T16:57:12,853.03,True,False,False,1,0,1,2,1,2,6,pending
txn_0000004,bank_manual,CONDITION_VERIFIED:DELIVERY_CONFIRMED,attestation,2026-01-07T09:31:05,823.86,True,False,False,1,0,1,2,1,2,6,pending
txn_0000063,bank_manual,CONDITION_VERIFIED:SERVICE_COMPLETED,attestation,2026-01-07T09:42:08,10424.19,True,False,False,1,0,1,2,1,2,6,pending
txn_0000021,bank_manual,CONDITION_VERIFIED:INVOICE_APPROVED,attestation,2026-01-07T09:53:33,658.08,True,False,False,1,0,1,2,1,2,6,pending
txn_0000073,bank_manual,CONDITION_VERIFIED:MILESTONE_REACHED,attestation,2026-01-07T09:58:00,7898.0,True,False,False,1,0,1,2,1,2,6,pending
txn_0000011,bank_manual,LEDGER_SETTLED:ACH,settlement,2026-01-07T10:29:27,2079.8,False,False,False,0,0,1,3,1,1,6,completed
txn_0000041,bank_manual,CONDITION_VERIFIED:DELIVERY_CONFIRMED,attestation,2026-01-07T10:34:06,2846.36,True,False,False,1,0,1,2,1,2,6,pending
txn_0000012,bank_manual,CONDITION_VERIFIED:INVOICE_APPROVED,attestation,2026-01-07T10:34:42,2957.64,True,False,False,1,0,1,2,1,2,6,pending
txn_0000006,bank_manual,CONDITION_VERIFIED:DELIVERY_CONFIRMED,attestation,2026-01-07T11:05:32,7047.3,True,False,False,1,0,1,2,1,2,6,pending
txn_0000009,bank_manual,CONDITION_VERIFIED:INSPECTION_PASSED,attestation,2026-01-07T11:07:49,871.83,True,False,False,1,0,1,2,1,2,6,pending
txn_0000049,bank_manual,CONDITION_VERIFIED:INSPECTION_PASSED,attestation,2026-01-07T11:27:05,853.03,True,False,False,1,0,1,2,1,2,6,pending
txn_0000031,bank_manual,CONDITION_VERIFIED:INSPECTION_PASSED,attestation,2026-01-07T11:29:39,19605.15,True,False,False,1,0,1,2,1,2,6,pending
txn_0000056,bank_manual,CONDITION_VERIFIED:DELIVERY_CONFIRMED,attestation,2026-01-07T11:51:52,992.57,True,False,False,1,0,1,2,1,2,6,pending
txn_0000005,bank_manual,CONDITION_VERIFIED:INSPECTION_PASSED,attestation,2026-01-07T11:55:26,2722.63,True,False,False,1,0,1,2,1,2,6,pending
txn_0000051,bank_manual,CONDITION_VERIFIED:INVOICE_APPROVED,attestation,2026-01-07T11:56:15,5042.46,True,False,False,1,0,1,2,1,2,6,pending
txn_0000059,bank_manual,CONDITION_VERIFIED:INVOICE_APPROVED,attestation,2026-01-07T12:04:04,217.65,True,False,False,1,0,1,2,1,2,6,pending
txn_0000032,bank_manual,CONDITION_VERIFIED:INVOICE_APPROVED,attestation,2026-01-07T12:12:24,2856.18,True,False,False,1,0,1,2,1,2,6,pending
txn_0000029,bank_manual,CONDITION_VERIFIED:DELIVERY_CONFIRMED,attestation,2026-01-07T12:32:18,1781.8,True,False,False,1,0,1,2,1,2,6,pending
txn_0000057,bank_manual,CONDITION_VERIFIED:SERVICE_COMPLETED,attestation,2026-01-07T12:38:02,1393.4,True,False,False,1,0,1,2,1,2,6,pending
txn_0000023,bank_manual,CONDITION_VERIFIED:INVOICE_APPROVED,attestation,2026-01-07T12:42:49,8477.58,True,False,False,1,0,1,2,1,2,6,pending
txn_0000027,bank_manual,CONDITION_VERIFIED:DELIVERY_CONFIRMED,attestation,2026-01-07T12:44:08,9999.19,True,False,False,1,0,1,2,1,2,6,pending
txn_0000003,bank_manual,LEDGER_SETTLED:ACH,settlement,2026-01-07T12:51:07,13079.94,False,False,False,0,0,1,3,1,1,6,completed
txn_0000007,bank_manual,CONDITION_VERIFIED:INSPECTION_PASSED,attestation,2026-01-07T12:58:30,2377.83,True,False,False,1,0,1,2,1,2,6,pending
txn_0000050,bank_manual,CONDITION_VERIFIED:INSPECTION_PASSED,attestation,2026-01-07T13:08:21,9395.76,True,False,False,1,0,1,2,1,2,6,pending
txn_0000066,bank_manual,CONDITION_VERIFIED:INVOICE_APPROVED,attestation,2026-01-07T13:09:25,2224.59,True,False,False,1,0,1,2,1,2,6,pending
txn_0000015,bank_manual,LEDGER_SETTLED:ACH,settlement,2026-01-07T13:19:55,5504.55,False,False,False,0,0,1,3,1,1,6,completed
txn_0000018,bank_manual,CONDITION_VERIFIED:INSPECTION_PASSED,attestation,2026-01-07T13:46:35,7008.94,True,False,False,1,0,1,2,1,2,6,pending
txn_0000035,bank_manual,CONDITION_VERIFIED:MILESTONE_REACHED,attestation,2026-01-07T13:49:24,5613.49,True,False,False,1,0,1,2,1,2,6,pending
txn_0000008,bank_manual,CONDITION_VERIFIED:INSPECTION_PASSED,attestation,2026-01-07T14:14:24,9252.65,True,False,False,1,0,1,2,1,2,6,pending
txn_0000058,bank_manual,CONDITION_VERIFIED:SERVICE_COMPLETED,attestation,2026-01-07T14:20:57,4852.33,True,False,False,1,0,1,2,1,2,6,pending
txn_0000004,bank_manual,CONDITION_VERIFIED:INSPECTION_PASSED,attestation,2026-01-07T14:23:19,823.86,True,False,False,1,0,1,2,1,2,6,pending
txn_0000040,bank_manual,CONDITION_VERIFIED:INVOICE_APPROVED,attestation,2026-01-07T14:42:57,20172.14,True,False,False,1,0,1,2,1,2,6,pending
txn_0000048,bank_manual,CONDITION_VERIFIED:MILESTONE_REACHED,attestation,2026-01-07T14:46:31,13034.52,True,False,False,1,0,1,2,1,2,6,pending
txn_0000034,bank_manual,CONDITION_VERIFIED:INSPECTION_PASSED,attestation,2026-01-07T14:53:05,476.77,True,False,False,1,0,1,2,1,2,6,pending
txn_0000065,bank_manual,CONDITION_VERIFIED:INVOICE_APPROVED,attestation,2026-01-07T15:16:41,15744.3,True,False,False,1,0,1,2,1,2,6,pending
txn_0000038,bank_manual,CONDITION_VERIFIED:DELIVERY_CONFIRMED,attestation,2026-01-07T15:18:25,1999.76,True,False,False,1,0,1,2,1,2,6,pending
txn_0000025,bank_manual,LEDGER_SETTLED:ACH,settlement,2026-01-07T15:35:23,229.27,False,False,False,0,0,1,3,1,1,6,completed
txn_0000043,bank_manual,CONDITION_VERIFIED:INVOICE_APPROVED,attestation,2026-01-07T15:44:34,7796.83,True,False,False,1,0,1,2,1,2,6,pending
txn_0000061,bank_manual,CONDITION_VERIFIED:MILESTONE_REACHED,attestation,2026-01-07T16:01:32,14006.55,True,False,False,1,0,1,2,1,2,6,pending
txn_0000057,bank_manual,CONDITION_VERIFIED:INVOICE_APPROVED,attestation,2026-01-07T16:24:55,1393.4,True,False,False,1,0,1,2,1,2,6,pending
txn_0000063,bank_manual,CONDITION_VERIFIED:INVOICE_APPROVED,attestation,2026-01-07T16:27:52,10424.19,True,False,False,1,0,1,2,1,2,6,pending
txn_0000001,bank_manual,LEDGER_SETTLED:ACH,settlement,2026-01-07T16:30:55,1447.39,False,False,False,0,0,1,3,1,1,6,completed
txn_0000002,bank_manual,CONDITION_VERIFIED:INSPECTION_PASSED,attestation,2026-01-07T16:37:00,1897.53,True,False,False,1,0,1,2,1,2,6,pending
txn_0000012,bank_manual,CONDITION_VERIFIED:DELIVERY_CONFIRMED,attestation,2026-01-07T16:39:10,2957.64,True,False,False,1,0,1,2,1,2,6,pending
txn_0000054,bank_manual,LEDGER_SETTLED:ACH,settlement,2026-01-07T16:49:59,2149.56,False,False,False,0,0,1,3,1,1,6,completed
txn_0000067,bank_manual,CONDITION_VERIFIED:INVOICE_APPROVED,attestation,2026-01-07T16:52:32,39806.79,True,False,False,1,0,1,2,1,2,6,pending
txn_0000052,bank_manual,CONDITION_VERIFIED:MILESTONE_REACHED,attestation,2026-01-08T09:03:03,1005.79,True,False,False,1,0,1,2,1,2,6,pending
txn_0000027,bank_manual,CONDITION_VERIFIED:INSPECTION_PASSED,attestation,2026-01-08T09:24:08,9999.19,True,False,False,1,0,1,2,1,2,6,pending
txn_0000033,bank_manual,CONDITION_VERIFIED:MILESTONE_REACHED,attestation,2026-01-08T09:36:29,48582.7,True,False,False,1,0,1,2,1,2,6,pending
txn_0000020,bank_manual,CONDITION_VERIFIED:INVOICE_APPROVED,attestation,2026-01-08T09:39:40,811.87,True,False,False,1,0,1,2,1,2,6,pending
txn_0000071,bank_manual,CONDITION_VERIFIED:INVOICE_APPROVED,attestation,2026-01-08T09:58:21,3789.63,True,False,False,1,0,1,2,1,2,6,pending
txn_0000058,bank_manual,CONDITION_VERIFIED:INVOICE_APPROVED,attestation,2026-01-08T10:02:00,4852.33,True,False,False,1,0,1,2,1,2,6,pending
txn_0000039,bank_manual,CONDITION_VERIFIED:DELIVERY_CONFIRMED,attestation,2026-01-08T10:03:22,295.93,True,False,False,1,0,1,2,1,2,6,pending
txn_0000041,bank_manual,LEDGER_SETTLED:ACH,settlement,2026-01-08T10:34:06,2846.36,False,False,False,0,0,1,3,1,1,6,completed
txn_0000068,bank_manual,CONDITION_VERIFIED:INSPECTION_PASSED,attestation,2026-01-08T10:48:32,324.9,True,False,False,1,0,1,2,1,2,6,pending
txn_0000060,bank_manual,CONDITION_VERIFIED:DELIVERY_CONFIRMED,attestation,2026-01-08T11:00:11,5544.5,True,False,False,1,0,1,2,1,2,6,pending
txn_0000006,bank_manual,LEDGER_SETTLED:ACH,settlement,2026-01-08T11:05:32,7047.3,False,False,False,0,0,1,3,1,1,6,completed
txn_0000009,bank_manual,LEDGER_SETTLED:ACH,settlement,2026-01-08T11:07:49,871.83,False,False,False,0,0,1,3,1,1,6,completed
txn_0000075,bank_manual,CONDITION_VERIFIED:MILESTONE_REACHED,attestation,2026-01-08T11:11:36,28961.66,True,False,False,1,0,1,2,1,2,6,pending
txn_0000070,bank_manual,CONDITION_VERIFIED:MILESTONE_REACHED,attestation,2026-01-08T11:19:54,6946.45,True,False,False,1,0,1,2,1,2,6,pending
txn_0000049,bank_manual,LEDGER_SETTLED:ACH,settlement,2026-01-08T11:27:05,853.03,False,False,False,0,0,1,3,1,1,6,completed
txn_0000031,bank_manual,LEDGER_SETTLED:ACH,settlement,2026-01-08T11:29:39,19605.15,False,False,False,0,0,1,3,1,1,6,completed
txn_0000074,bank_manual,CONDITION_VERIFIED:INVOICE_APPROVED,attestation,2026-01-08T11:31:09,1940.41,True,False,False,1,0,1,2,1,2,6,pending
txn_0000051,bank_manual,CONDITION_VERIFIED:DELIVERY_CONFIRMED,attestation,2026-01-08T11:41:58,5042.46,True,False,False,1,0,1,2,1,2,6,pending
txn_0000005,bank_manual,LEDGER_SETTLED:ACH,settlement,2026-01-08T11:55:26,2722.63,False,False,False,0,0,1,3,1,1,6,completed
txn_0000013,bank_manual,CONDITION_VERIFIED:INSPECTION_PASSED,attestation,2026-01-08T11:59:17,40706.02,True,False,False,1,0,1,2,1,2,6,pending
txn_0000071,bank_manual,CONDITION_VERIFIED:DELIVERY_CONFIRMED,attestation,2026-01-08T12:09:47,3789.63,True,False,False,1,0,1,2,1,2,6,pending
txn_0000030,bank_manual,CONDITION_VERIFIED:DELIVERY_CONFIRMED,attestation,2026-01-08T12:35:34,4927.23,True,False,False,1,0,1,2,1,2,6,pending
txn_0000044,bank_manual,CONDITION_VERIFIED:INSPECTION_PASSED,attestation,2026-01-08T12:40:04,27607.37,True,False,False,1,0,1,2,1,2,6,pending
txn_0000045,bank_manual,CONDITION_VERIFIED:DELIVERY_CONFIRMED,attestation,2026-01-08T12:51:20,932.14,True,False,False,1,0,1,2,1,2,6,pending
txn_0000046,bank_manual,CONDITION_VERIFIED:INSPECTION_PASSED,attestation,2026-01-08T12:54:57,403.28,True,False,False,1,0,1,2,1,2,6,pending
txn_0000007,bank_manual,LEDGER_SETTLED:ACH,settlement,2026-01-08T12:58:30,2377.83,False,False,False,0,0,1,3,1,1,6,completed
txn_0000050,bank_manual,LEDGER_SETTLED:ACH,settlement,2026-01-08T13:08:21,9395.76,False,False,False,0,0,1,3,1,1,6,completed
txn_0000013,bank_manual,LEDGER_SETTLED:WIRE,settlement,2026-01-08T13:09:32,40706.02,False,False,False,0,0,1,3,1,1,6,completed
txn_0000069,bank_manual,CONDITION_VERIFIED:DELIVERY_CONFIRMED,attestation,2026-01-08T13:18:30,16656.35,True,False,False,1,0,1,2,1,2,6,pending
txn_0000036,bank_manual,CONDITION_VERIFIED:INSPECTION_PASSED,attestation,2026-01-08T13:22:49,1086.8,True,False,False,1,0,1,2,1,2,6,pending
txn_0000044,bank_manual,LEDGER_SETTLED:WIRE,settlement,2026-01-08T13:31:55,27607.37,False,False,False,0,0,1,3,1,1,6,completed
txn_0000037,bank_manual,CONDITION_VERIFIED:INSPECTION_PASSED,attestation,2026-01-08T13:34:20,632.69,True,False,False,1,0,1,2,1,2,6,pending
txn_0000055,bank_manual,CONDITION_VERIFIED:INSPECTION_PASSED,attestation,2026-01-08T13:42:34,1141.03,True,False,False,1,0,1,2,1,2,6,pending
txn_0000018,bank_manual,LEDGER_SETTLED:ACH,settlement,2026-01-08T13:46:35,7008.94,False,False,False,0,0,1,3,1,1,6,completed
txn_0000065,bank_manual,CONDITION_VERIFIED:DELIVERY_CONFIRMED,attestation,2026-01-08T13:50:10,15744.3,True,False,False,1,0,1,2,1,2,6,pending
txn_0000028,bank_manual,CONDITION_VERIFIED:DELIVERY_CONFIRMED,attestation,2026-01-08T13:50:57,2838.7,True,False,False,1,0,1,2,1,2,6,pending
txn_0000032,bank_manual,CONDITION_VERIFIED:DELIVERY_CONFIRMED,attestation,2026-01-08T13:52:49,2856.18,True,False,False,1,0,1,2,1,2,6,pending
txn_0000072,bank_manual,CONDITION_VERIFIED:INSPECTION_PASSED,attestation,2026-01-08T14:09:48,847.15,True,False,False,1,0,1,2,1,2,6,pending
txn_0000008,bank_manual,LEDGER_SETTLED:ACH,settlement,2026-01-08T14:14:24,9252.65,False,False,False,0,0,1,3,1,1,6,completed
txn_0000004,bank_manual,LEDGER_SETTLED:ACH,settlement,2026-01-08T14:23:19,823.86,False,False,False,0,0,1,3,1,1,6,completed
txn_0000052,bank_manual,CONDITION_VERIFIED:INSPECTION_PASSED,attestation,2026-01-08T14:47:01,1005.79,True,False,False,1,0,1,2,1,2,6,pending
txn_0000034,bank_manual,LEDGER_SETTLED:ACH,settlement,2026-01-08T14:53:05,476.77,False,False,False,0,0,1,3,1,1,6,completed
txn_0000040,bank_manual,CONDITION_VERIFIED:DELIVERY_CONFIRMED,attestation,2026-01-08T14:57:59,20172.14,True,False,False,1,0,1,2,1,2,6,pending
txn_0000056,bank_manual,CONDITION_VERIFIED:INSPECTION_PASSED,attestation,2026-01-08T15:00:42,992.57,True,False,False,1,0,1,2,1,2,6,pending
txn_0000061,bank_manual,CONDITION_VERIFIED:INSPECTION_PASSED,attestation,2026-01-08T15:35:06,14006.55,True,False,False,1,0,1,2,1,2,6,pending
txn_0000021,bank_manual,CONDITION_VERIFIED:DELIVERY_CONFIRMED,attestation,2026-01-08T16:09:36,658.08,True,False,False,1,0,1,2,1,2,6,pending
txn_0000057,bank_manual,LEDGER_SETTLED:ACH,settlement,2026-01-08T16:24:55,1393.4,False,False,False,0,0,1,3,1,1,6,completed
txn_0000063,bank_manual,LEDGER_SETTLED:ACH,settlement,2026-01-08T16:27:52,10424.19,False,False,False,0,0,1,3,1,1,6,completed
txn_0000002,bank_manual,LEDGER_SETTLED:ACH,settlement,2026-01-08T16:37:00,1897.53,False,False,False,0,0,1,3,1,1,6,completed
txn_0000012,bank_manual,LEDGER_SETTLED:ACH,settlement,2026-01-08T16:39:10,2957.64,False,False,False,0,0,1,3,1,1,6,completed
txn_0000043,bank_manual,CONDITION_VERIFIED:DELIVERY_CONFIRMED,attestation,2026-01-09T09:04:09,7796.83,True,False,False,1,0,1,2,1,2,6,pending
txn_0000027,bank_manual,LEDGER_SETTLED:ACH,settlement,2026-01-09T09:24:08,9999.19,False,False,False,0,0,1,3,1,1,6,completed
txn_0000020,bank_manual,LEDGER_SETTLED:ACH,settlement,2026-01-09T09:39:40,811.87,False,False,False,0,0,1,3,1,1,6,completed
txn_0000073,bank_manual,CONDITION_VERIFIED:INSPECTION_PASSED,attestation,2026-01-09T09:40:11,7898.0,True,False,False,1,0,1,2,1,2,6,pending
txn_0000058,bank_manual,LEDGER_SETTLED:ACH,settlement,2026-01-09T10:02:00,4852.33,False,False,False,0,0,1,3,1,1,6,completed
txn_0000039,bank_manual,LEDGER_SETTLED:ACH,settlement,2026-01-09T10:03:22,295.93,False,False,False,0,0,1,3,1,1,6,completed
txn_0000068,bank_manual,LEDGER_SETTLED:ACH,settlement,2026-01-09T10:48:32,324.9,False,False,False,0,0,1,3,1,1,6,completed
txn_0000014,bank_manual,CONDITION_VERIFIED:INVOICE_APPROVED,attestation,2026-01-09T11:04:35,4726.19,True,False,False,1,0,1,2,1,2,6,pending
txn_0000067,bank_manual,CONDITION_VERIFIED:DELIVERY_CONFIRMED,attestation,2026-01-09T11:06:52,39806.79,True,False,False,1,0,1,2,1,2,6,pending
txn_0000048,bank_manual,CONDITION_VERIFIED:INSPECTION_PASSED,attestation,2026-01-09T11:08:29,13034.52,True,False,False,1,0,1,2,1,2,6,pending
txn_0000051,bank_manual,LEDGER_SETTLED:ACH,settlement,2026-01-09T11:41:58,5042.46,False,False,False,0,0,1,3,1,1,6,completed
txn_0000029,bank_manual,CONDITION_VERIFIED:INSPECTION_PASSED,attestation,2026-01-09T11:51:16,1781.8,True,False,False,1,0,1,2,1,2,6,pending
txn_0000067,bank_manual,LEDGER_SETTLED:WIRE,settlement,2026-01-09T11:56:41,39806.79,False,False,False,0,0,1,3,1,1,6,completed
txn_0000071,bank_manual,LEDGER_SETTLED:ACH,settlement,2026-01-09T12:09:47,3789.63,False,False,False,0,0,1,3,1,1,6,completed
txn_0000023,bank_manual,CONDITION_VERIFIED:DELIVERY_CONFIRMED,attestation,2026-01-09T12:27:57,8477.58,True,False,False,1,0,1,2,1,2,6,pending
txn_0000030,bank_manual,LEDGER_SETTLED:ACH,settlement,2026-01-09T12:35:34,4927.23,False,False,False,0,0,1,3,1,1,6,completed
txn_0000066,bank_manual,CONDITION_VERIFIED:DELIVERY_CONFIRMED,attestation,2026-01-09T12:47:57,2224.59,True,False,False,1,0,1,2,1,2,6,pending
txn_0000075,bank_manual,CONDITION_VERIFIED:INSPECTION_PASSED,attestation,2026-01-09T12:53:54,28961.66,True,False,False,1,0,1,2,1,2,6,pending
txn_0000046,bank_manual,LEDGER_SETTLED:ACH,settlement,2026-01-09T12:54:57,403.28,False,False,False,0,0,1,3,1,1,6,completed
txn_0000069,bank_manual,LEDGER_SETTLED:ACH,settlement,2026-01-09T13:18:30,16656.35,False,False,False,0,0,1,3,1,1,6,completed
txn_0000036,bank_manual,LEDGER_SETTLED:ACH,settlement,2026-01-09T13:22:49,1086.8,False,False,False,0,0,1,3,1,1,6,completed
txn_0000037,bank_manual,LEDGER_SETTLED:ACH,settlement,2026-01-09T13:34:20,632.69,False,False,False,0,0,1,3,1,1,6,completed
txn_0000033,bank_manual,CONDITION_VERIFIED:INSPECTION_PASSED,attestation,2026-01-09T13:41:51,48582.7,True,False,False,1,0,1,2,1,2,6,pending
txn_0000055,bank_manual,LEDGER_SETTLED:ACH,settlement,2026-01-09T13:42:34,1141.03,False,False,False,0,0,1,3,1,1,6,completed
txn_0000075,bank_manual,LEDGER_SETTLED:WIRE,settlement,2026-01-09T13:42:44,28961.66,False,False,False,0,0,1,3,1,1,6,completed
txn_0000065,bank_manual,LEDGER_SETTLED:ACH,settlement,2026-01-09T13:50:10,15744.3,False,False,False,0,0,1,3,1,1,6,completed
txn_0000028,bank_manual,LEDGER_SETTLED:ACH,settlement,2026-01-09T13:50:57,2838.7,False,False,False,0,0,1,3,1,1,6,completed
txn_0000032,bank_manual,LEDGER_SETTLED:ACH,settlement,2026-01-09T13:52:49,2856.18,False,False,False,0,0,1,3,1,1,6,completed
txn_0000045,bank_manual,CONDITION_VERIFIED:INSPECTION_PASSED,attestation,2026-01-09T13:57:40,932.14,True,False,False,1,0,1,2,1,2,6,pending
txn_0000072,bank_manual,LEDGER_SETTLED:ACH,settlement,2026-01-09T14:09:48,847.15,False,False,False,0,0,1,3,1,1,6,completed
txn_0000024,bank_manual,CONDITION_VERIFIED:SERVICE_COMPLETED,attestation,2026-01-09T14:13:10,315.58,True,False,False,1,0,1,2,1,2,6,pending
txn_0000052,bank_manual,LEDGER_SETTLED:ACH,settlement,2026-01-09T14:47:01,1005.79,False,False,False,0,0,1,3,1,1,6,completed
txn_0000040,bank_manual,LEDGER_SETTLED:ACH,settlement,2026-01-09T14:57:59,20172.14,False,False,False,0,0,1,3,1,1,6,completed
txn_0000056,bank_manual,LEDGER_SETTLED:ACH,settlement,2026-01-09T15:00:42,992.57,False,False,False,0,0,1,3,1,1,6,completed
txn_0000033,bank_manual,LEDGER_SETTLED:WIRE,settlement,2026-01-09T15:02:44,48582.7,False,False,False,0,0,1,3,1,1,6,completed
txn_0000035,bank_manual,CONDITION_VERIFIED:INSPECTION_PASSED,attestation,2026-01-09T15:08:23,5613.49,True,False,False,1,0,1,2,1,2,6,pending
txn_0000070,bank_manual,CONDITION_VERIFIED:INSPECTION_PASSED,attestation,2026-01-09T15:34:13,6946.45,True,False,False,1,0,1,2,1,2,6,pending
txn_0000061,bank_manual,LEDGER_SETTLED:ACH,settlement,2026-01-09T15:35:06,14006.55,False,False,False,0,0,1,3,1,1,6,completed
txn_0000074,bank_manual,CONDITION_VERIFIED:DELIVERY_CONFIRMED,attestation,2026-01-09T16:04:23,1940.41,True,False,False,1,0,1,2,1,2,6,pending
txn_0000021,bank_manual,LEDGER_SETTLED:ACH,settlement,2026-01-09T16:09:36,658.08,False,False,False,0,0,1,3,1,1,6,completed
txn_0000043,bank_manual,LEDGER_SETTLED:ACH,settlement,2026-01-12T09:04:09,7796.83,False,False,False,0,0,1,3,1,1,6,completed
txn_0000073,bank_manual,LEDGER_SETTLED:ACH,settlement,2026-01-12T09:40:11,7898.0,False,False,False,0,0,1,3,1,1,6,completed
txn_0000010,bank_manual,CONDITION_VERIFIED:INVOICE_APPROVED,attestation,2026-01-12T09:45:11,6172.52,True,False,False,1,0,1,2,1,2,6,pending
txn_0000060,bank_manual,CONDITION_VERIFIED:INSPECTION_PASSED,attestation,2026-01-12T10:07:40,5544.5,True,False,False,1,0,1,2,1,2,6,pending
txn_0000048,bank_manual,LEDGER_SETTLED:ACH,settlement,2026-01-12T11:08:29,13034.52,False,False,False,0,0,1,3,1,1,6,completed
txn_0000029,bank_manual,LEDGER_SETTLED:ACH,settlement,2026-01-12T11:51:16,1781.8,False,False,False,0,0,1,3,1,1,6,completed
txn_0000023,bank_manual,LEDGER_SETTLED:ACH,settlement,2026-01-12T12:27:57,8477.58,False,False,False,0,0,1,3,1,1,6,completed
txn_0000066,bank_manual,LEDGER_SETTLED:ACH,settlement,2026-01-12T12:47:57,2224.59,False,False,False,0,0,1,3,1,1,6,completed
txn_0000045,bank_manual,LEDGER_SETTLED:ACH,settlement,2026-01-12T13:57:40,932.14,False,False,False,0,0,1,3,1,1,6,completed
txn_0000017,bank_manual,CONDITION_VERIFIED:DELIVERY_CONFIRMED,attestation,2026-01-12T14:49:03,944.67,True,False,False,1,0,1,2,1,2,6,pending
txn_0000035,bank_manual,LEDGER_SETTLED:ACH,settlement,2026-01-12T15:08:23,5613.49,False,False,False,0,0,1,3,1,1,6,completed
txn_0000070,bank_manual,LEDGER_SETTLED:ACH,settlement,2026-01-12T15:34:13,6946.45,False,False,False,0,0,1,3,1,1,6,completed
txn_0000042,bank_manual,CONDITION_VERIFIED:DELIVERY_CONFIRMED,attestation,2026-01-12T16:00:10,4999.27,True,False,False,1,0,1,2,1,2,6,pending
txn_0000074,bank_manual,LEDGER_SETTLED:ACH,settlement,2026-01-12T16:04:23,1940.41,False,False,False,0,0,1,3,1,1,6,completed
txn_0000016,bank_manual,CONDITION_VERIFIED:MILESTONE_REACHED,attestation,2026-01-12T16:09:14,12154.73,True,False,False,1,0,1,2,1,2,6,pending
txn_0000010,bank_manual,LEDGER_SETTLED:ACH,settlement,2026-01-13T09:45:11,6172.52,False,False,False,0,0,1,3,1,1,6,completed
txn_0000060,bank_manual,LEDGER_SETTLED:ACH,settlement,2026-01-13T10:07:40,5544.5,False,False,False,0,0,1,3,1,1,6,completed
txn_0000062,bank_manual,CONDITION_VERIFIED:DELIVERY_CONFIRMED,attestation,2026-01-13T14:19:20,1528.37,True,False,False,1,0,1,2,1,2,6,pending
txn_0000038,bank_manual,CONDITION_VERIFIED:INSPECTION_PASSED,attestation,2026-01-13T14:56:04,1999.76,True,False,False,1,0,1,2,1,2,6,pending
txn_0000064,bank_manual,CONDITION_VERIFIED:DELIVERY_CONFIRMED,attestation,2026-01-13T15:02:46,1766.43,True,False,False,1,0,1,2,1,2,6,pending
txn_0000038,bank_manual,LEDGER_SETTLED:ACH,settlement,2026-01-14T14:56:04,1999.76,False,False,False,0,0,1,3,1,1,6,completed
txn_0000017,bank_manual,CONDITION_VERIFIED:INSPECTION_PASSED,attestation,2026-01-15T09:35:51,944.67,True,False,False,1,0,1,2,1,2,6,pending
txn_0000042,bank_manual,CONDITION_VERIFIED:INSPECTION_PASSED,attestation,2026-01-15T11:09:34,4999.27,True,False,False,1,0,1,2,1,2,6,pending
txn_0000059,bank_manual,CONDITION_VERIFIED:DELIVERY_CONFIRMED,attestation,2026-01-15T11:26:34,217.65,True,False,False,1,0,1,2,1,2,6,pending
txn_0000014,bank_manual,CONDITION_VERIFIED:DELIVERY_CONFIRMED,attestation,2026-01-15T13:08:27,4726.19,True,False,False,1,0,1,2,1,2,6,pending
txn_0000016,bank_manual,CONDITION_VERIFIED:INSPECTION_PASSED,attestation,2026-01-15T15:28:23,12154.73,True,False,False,1,0,1,2,1,2,6,pending
txn_0000017,bank_manual,LEDGER_SETTLED:ACH,settlement,2026-01-16T09:35:51,944.67,False,False,False,0,0,1,3,1,1,6,completed
txn_0000064,bank_manual,CONDITION_VERIFIED:INSPECTION_PASSED,attestation,2026-01-16T09:37:49,1766.43,True,False,False,1,0,1,2,1,2,6,pending
txn_0000024,bank_manual,CONDITION_VERIFIED:INVOICE_APPROVED,attestation,2026-01-16T10:36:57,315.58,True,False,False,1,0,1,2,1,2,6,pending
txn_0000042,bank_manual,LEDGER_SETTLED:ACH,settlement,2026-01-16T11:09:34,4999.27,False,False,False,0,0,1,3,1,1,6,completed
txn_0000059,bank_manual,LEDGER_SETTLED:ACH,settlement,2026-01-16T11:26:34,217.65,False,False,False,0,0,1,3,1,1,6,completed
txn_0000014,bank_manual,LEDGER_SETTLED:ACH,settlement,2026-01-16T13:08:27,4726.19,False,False,False,0,0,1,3,1,1,6,completed
txn_0000062,bank_manual,CONDITION_VERIFIED:INSPECTION_PASSED,attestation,2026-01-16T13:23:23,1528.37,True,False,False,1,0,1,2,1,2,6,pending
txn_0000016,bank_manual,LEDGER_SETTLED:ACH,settlement,2026-01-16T15:28:23,12154.73,False,False,False,0,0,1,3,1,1,6,completed
txn_0000064,bank_manual,LEDGER_SETTLED:ACH,settlement,2026-01-19T09:37:49,1766.43,False,False,False,0,0,1,3,1,1,6,completed
txn_0000024,bank_manual,LEDGER_SETTLED:ACH,settlement,2026-01-19T10:36:57,315.58,False,False,False,0,0,1,3,1,1,6,completed
txn_0000062,bank_manual,LEDGER_SETTLED:ACH,settlement,2026-01-19T13:23:23,1528.37,False,False,False,0,0,1,3,1,1,6,completed
